respondent_id,Mode_Used,Origin_TAZ,Destination_TAZ,Income_Bracket,Trip_Purpose,Frequency_of_Use,Travel_Time,Fare_Paid,Wait_Time,Comfort_Level,WTP,WTP_Lower_Fare,WTP_Higher_Comfort
1,Bus,Z17,Z16,Low,Work,Daily,51.388308092895535,40.19147777415752,8.792565454778451,3,58.93236346458886,1,0
2,Leguna,Z9,Z19,Mid,Work,Daily,69.75744569742147,17.3080930427557,26.646818594234933,1,68.20210487074218,0,0
3,Leguna,Z1,Z4,Mid,Work,Occasional,40.871272463639826,28.779250223043018,31.87292822828772,1,107.02145784826278,1,0
4,Bus,Z20,Z18,High,Leisure,Daily,50.3342002317849,46.184883804564755,10.962612386580638,3,146.58573565754386,1,1
5,MRT,Z13,Z2,Mid,School,Daily,14.99673812824226,89.0677298953305,10.646999186970227,5,75.99294844411672,1,0
6,MRT,Z16,Z1,High,Work,Weekly,21.383277337335358,77.6926095920245,5.381210969781302,4,126.95526276404544,0,1
7,MRT,Z13,Z15,Low,Work,Daily,41.79777431333213,76.29461448881005,6.924979543936333,5,73.3818377674534,1,1
8,Leguna,Z14,Z5,High,Work,Daily,47.049163887296814,14.247084237094505,7.173916265472403,2,74.0861577076987,0,0
9,Bus,Z3,Z20,Low,School,Daily,17.001900729590755,50.07513689836922,8.57685087119998,3,46.359518782620775,0,0
10,Leguna,Z6,Z11,High,Leisure,Weekly,75.81251198325538,36.0296779701068,10.041350094254744,1,63.299694864511714,0,0
11,MRT,Z18,Z10,Mid,Work,Daily,25.114184542691472,65.69090870905033,6.7788910612196585,5,99.15583228945812,0,1
12,Leguna,Z19,Z2,High,Work,Weekly,73.72636913913402,12.678018943751386,35.867089878813694,1,126.22810054201878,1,1
13,Leguna,Z5,Z3,Low,Work,Occasional,92.34425149937248,25.834847500185703,12.809727613414974,2,38.9719844785513,1,0
14,MRT,Z15,Z12,Mid,Leisure,Daily,14.357490994088081,101.16576351588836,6.783769977158665,5,113.12416504114591,1,1
15,MRT,Z2,Z20,Mid,Work,Daily,13.390594479587529,79.81866578230918,4.242819666760643,5,77.78374879441824,1,1
16,MRT,Z10,Z5,Mid,Leisure,Daily,27.909055060999744,74.50652691022607,9.331640690652307,4,72.23513892956922,1,1
17,Bus,Z18,Z5,Low,School,Daily,5.936792150592986,41.98948146796494,14.183692758667547,3,59.2832944703473,1,1
18,Bus,Z13,Z6,Low,Work,Daily,51.06442132442547,50.370472887399295,15.702954340515234,3,74.57539598406412,1,0
19,Bus,Z5,Z9,Low,Work,Occasional,18.321186239902246,43.19651825918977,9.479100844961643,2,55.82563593845252,1,0
20,Bus,Z1,Z2,Low,Work,Weekly,43.77715990347531,46.90236800380272,1.0,2,48.57763653078692,1,0
21,Bus,Z1,Z12,High,School,Weekly,28.69131091705796,29.141748711148146,15.396866414782517,4,122.58332604776933,0,1
22,MRT,Z18,Z3,Low,Leisure,Daily,15.809647718730751,76.22403977011243,11.400870415577147,5,38.796150723947484,1,1
23,Bus,Z15,Z20,High,School,Weekly,62.91164104571059,30.188344688603184,9.677978688453061,3,100.5051934350769,1,1
24,Bus,Z17,Z12,Low,School,Occasional,51.93091339877844,54.5973187503794,3.399487245260909,3,51.262523452785445,1,0
25,Bus,Z11,Z17,Low,Work,Weekly,46.27977213847536,31.917342783590737,7.847777967217174,4,43.50839174617417,0,0
26,Leguna,Z17,Z10,Mid,Leisure,Daily,70.45028210531515,29.547841802196785,20.842474567032696,1,95.87636934287632,0,1
27,MRT,Z13,Z14,Mid,Leisure,Weekly,30.20360074028911,57.45379547360273,11.155842853168757,5,49.14393563514201,0,0
28,Bus,Z1,Z17,Low,Work,Daily,30.029090590283808,40.33327925665802,7.219115584251764,3,47.59053320711759,1,0
29,Bus,Z2,Z18,Mid,Leisure,Daily,54.10084588704274,38.168033812796125,14.672528242402752,4,79.81422876864369,0,1
30,MRT,Z9,Z19,Mid,School,Daily,32.10124340699069,92.24109265090772,7.777367064351828,5,86.13962145372476,1,1
31,Bus,Z3,Z17,Low,School,Weekly,54.98886378081692,44.21586610614456,16.19470250234806,2,54.17522951967004,1,0
32,MRT,Z1,Z14,High,Leisure,Weekly,20.061974507624615,60.51325033548399,4.333364573981235,5,104.72359912202596,0,0
33,MRT,Z16,Z9,High,Leisure,Daily,28.51600984496181,91.6840475526817,9.373318598455658,5,105.63724285434934,0,1
34,Leguna,Z6,Z8,Mid,School,Daily,93.48984866695075,5.869804551806812,19.400992494348085,1,87.1895159509425,1,0
35,Leguna,Z17,Z2,Low,Work,Daily,73.91075515131556,31.79281688594515,17.64826441868654,2,55.93698273064621,1,0
36,Leguna,Z5,Z13,Mid,Work,Daily,58.56801496283866,24.517688068867105,23.638361357139043,1,85.2710162390957,1,0
37,Bus,Z5,Z7,Low,Leisure,Daily,58.35574745279679,45.75205016106566,14.503328606906049,2,66.45950281315564,1,1
38,MRT,Z6,Z9,Low,Work,Daily,25.39818949744768,107.28834774949581,8.119809191644071,5,26.515279525916057,1,0
39,Bus,Z3,Z11,Low,Work,Weekly,52.38028271989199,34.739651573324196,1.2332854006437781,2,53.65485835554072,1,0
40,Bus,Z5,Z14,Low,Work,Daily,61.45729067630543,28.828586731234896,6.939525571012115,4,33.64687389800855,1,1
41,MRT,Z5,Z4,High,Work,Daily,33.47949107237297,89.25508924365046,10.050707969601433,5,123.3160595242182,0,0
42,Bus,Z10,Z13,Mid,School,Daily,24.510664331991986,40.69746848841049,8.801177362779335,3,67.47369447633986,1,1
43,MRT,Z10,Z2,Mid,Leisure,Occasional,16.765027934543426,59.70994571234698,3.432922441346326,5,62.86296269744402,0,0
44,Leguna,Z19,Z5,Low,Work,Weekly,82.2537674997985,19.518350417124754,18.787556359920163,2,33.10919058633425,1,1
45,Bus,Z17,Z11,Low,Work,Weekly,36.96297805421553,22.926420424070532,6.417377800256705,2,61.9676566984365,1,0
46,Bus,Z14,Z6,Low,Work,Daily,63.537174300104084,45.41056763492638,11.232578605220718,3,22.109948425099137,1,1
47,Bus,Z9,Z18,High,Leisure,Daily,61.76098223853691,54.484992298929264,10.20115677105457,4,121.36474428992256,0,1
48,Bus,Z14,Z10,Low,School,Daily,25.109284708769426,37.05735128206443,9.359815010735224,3,58.37504634817558,1,0
49,Bus,Z1,Z4,High,Work,Weekly,50.15681822324828,39.51347648429549,12.163984977057932,2,129.73375813057552,0,1
50,MRT,Z19,Z9,Mid,Leisure,Occasional,18.932037322399445,102.70396961979168,6.159917562445152,5,43.9227441487527,0,1
51,Leguna,Z13,Z6,Low,Leisure,Weekly,23.076242755238127,17.563913118460718,8.027765959279368,1,49.91659559527894,1,0
52,Leguna,Z13,Z2,Mid,Leisure,Weekly,46.99952131186204,11.020375322439477,18.97566634980311,1,103.57025379596845,1,1
53,Leguna,Z4,Z17,Low,Leisure,Weekly,64.14534658797888,25.554754696290004,14.226099573301973,1,54.148722583865734,1,0
54,Leguna,Z1,Z5,High,Work,Daily,63.53641744278796,24.332925797805654,21.485540717928476,1,120.2566824247305,1,0
55,Bus,Z17,Z6,High,Leisure,Occasional,70.10178135447805,53.40461051790348,5.502093815362012,2,73.10897080286239,0,1
56,Leguna,Z8,Z12,Low,Work,Daily,76.5946483575835,34.51929117792934,28.10940592435091,1,32.308105032383295,1,1
57,MRT,Z2,Z10,Low,Leisure,Daily,16.01964155004469,66.23745768478605,11.052984400530507,5,22.37153340563214,1,0
58,MRT,Z8,Z6,Mid,Leisure,Daily,27.171962486605185,76.77634467274882,8.830380347975865,5,97.84135199463441,0,1
59,MRT,Z7,Z8,High,Leisure,Daily,33.378541652971585,97.54384988641661,7.311827767795917,5,124.92884296111707,0,1
60,Bus,Z2,Z2,Low,School,Daily,44.34784575279206,36.72881803411188,3.8822238098843336,4,82.94334713229199,1,1
61,Bus,Z3,Z12,Mid,Work,Daily,61.86530039805754,36.659227690200595,14.823029629468001,4,84.19068460525588,1,1
62,Bus,Z18,Z13,Mid,School,Daily,29.705034919618264,31.356089290858193,11.2953604286119,4,58.16749655681795,1,0
63,Leguna,Z12,Z7,Mid,Leisure,Daily,57.37054808656664,31.60837737153205,16.50588610209426,2,78.16587951709748,0,1
64,Bus,Z1,Z10,Low,Leisure,Daily,20.90134348891981,40.15807544111839,11.566221247255278,3,36.68345732692189,1,1
65,Bus,Z12,Z13,Mid,Work,Daily,25.616059573415722,46.897078052451945,9.485126147243285,2,95.19029774972216,1,1
66,Bus,Z5,Z17,High,Work,Daily,48.952308229965894,43.5918304919208,14.839708715375659,2,111.24724103224389,0,1
67,MRT,Z17,Z14,Low,Work,Daily,18.729874675308828,69.64188421525611,5.251424253556273,4,33.181343898584124,1,0
68,Leguna,Z16,Z2,Low,Leisure,Weekly,43.363555835391104,38.64011317765624,17.59357350226457,1,63.94114977186223,0,0
69,MRT,Z15,Z11,High,Leisure,Weekly,20.359574069039656,83.59106750803066,9.499055330908801,5,79.24277954227577,0,1
70,Leguna,Z15,Z1,Low,Work,Weekly,69.4400454183855,13.796643517353859,21.65419823867533,1,33.803955180862275,0,0
71,Leguna,Z5,Z19,High,School,Weekly,77.38312128778546,32.09832669813394,13.893711166571347,1,117.9562972449614,0,1
72,MRT,Z14,Z4,Low,Leisure,Daily,25.303502683580817,82.30747874117385,10.299402104334789,5,55.45955946279107,1,0
73,MRT,Z2,Z19,Low,Leisure,Weekly,18.712111738920143,59.28433095269338,8.911455786814628,5,67.39071564950783,1,0
74,Leguna,Z11,Z11,High,School,Daily,74.43125010252287,42.13106494808862,13.995176819350279,1,149.19304683045215,1,0
75,Leguna,Z19,Z8,Low,School,Daily,47.882783584822135,38.75502324965837,35.94012282534494,2,72.63696520106825,1,1
76,Leguna,Z7,Z11,Mid,School,Weekly,44.666868244333045,21.16759154110597,5.811965328403096,1,92.11212465262626,0,1
77,Leguna,Z6,Z4,Low,Work,Daily,60.5077684108482,9.64261475041875,19.889298031246103,2,27.739150026134972,0,1
78,MRT,Z2,Z17,Mid,School,Weekly,19.482177807486607,83.78090514057916,6.871602857077592,5,75.83063578919185,0,0
79,Bus,Z6,Z7,Low,School,Weekly,26.152396585811154,48.132051867479774,10.605185348340957,2,68.09912232295872,1,0
80,MRT,Z18,Z8,Low,Leisure,Weekly,22.761918652033323,88.14056596965086,4.883420630639359,5,27.092482151155288,1,0
81,Leguna,Z2,Z3,High,School,Occasional,71.41225994439063,32.74547728426289,17.349532934533418,1,107.29204254815468,1,1
82,Bus,Z18,Z2,Low,Leisure,Daily,35.81644898238375,40.99605756521441,3.7012220726096867,3,29.51573893714776,1,0
83,Bus,Z15,Z15,Mid,Work,Daily,24.73388450687968,26.7754204325643,14.409330308592457,3,67.39950040932212,0,0
84,MRT,Z19,Z5,Low,Work,Daily,29.378118379023736,62.8169267300162,3.909882125836525,5,60.979332537647686,1,0
85,Bus,Z2,Z1,Mid,Work,Daily,41.553005541372094,31.485935657396865,12.87605709454256,2,89.89411307550066,1,0
86,Bus,Z20,Z4,Low,Work,Weekly,89.77888503905115,44.176736984837866,16.234985438447293,4,55.75152547105466,1,0
87,Leguna,Z6,Z15,High,Leisure,Weekly,68.40188980903683,29.854804745725367,36.45234851863633,1,124.63480996785754,0,1
88,Bus,Z1,Z20,Low,Leisure,Weekly,28.036673470111264,30.121911654119803,14.673892729025049,3,44.951711151827396,1,0
89,Leguna,Z15,Z19,Low,Work,Daily,51.652663727898315,22.63928068609675,27.806533754757673,1,38.56221141280103,1,0
90,Bus,Z10,Z3,Low,Work,Daily,58.77681665913621,37.18980352728414,14.124830581237726,3,65.5445433810872,1,1
91,MRT,Z19,Z20,Low,Leisure,Daily,23.263863596605038,75.37275817316271,15.280149459036567,4,60.22043489862958,1,1
92,Leguna,Z17,Z11,Mid,Work,Daily,68.65919650721392,23.831305427746564,15.256587735615824,1,56.926154373202834,0,1
93,Leguna,Z5,Z17,Low,School,Weekly,80.42766590858797,41.7075421829594,7.312133502096334,1,25.083748766492413,1,0
94,Bus,Z4,Z13,High,Leisure,Daily,16.801134222914325,50.859266963227974,17.276094256655213,2,135.09756194248513,0,1
95,Leguna,Z10,Z11,Low,School,Daily,7.285045219662443,25.027004052777286,22.622569382744683,1,79.22513967184719,1,0
96,Bus,Z17,Z2,Low,Work,Daily,58.86405209306744,42.51836750623619,7.415576541407191,2,65.3766372887266,1,0
97,Bus,Z10,Z9,Mid,Work,Weekly,31.569805164554637,35.918991608397796,7.020923026048854,3,61.19202167031294,1,0
98,Bus,Z17,Z2,Mid,Leisure,Weekly,54.76704362735485,38.679129944808565,12.883773966510248,3,68.7847818604028,0,1
99,MRT,Z20,Z9,Low,School,Daily,22.602586815945703,79.24693074437383,15.862379273089925,5,56.06319297915998,0,1
100,MRT,Z5,Z9,Low,Work,Daily,16.10426379380669,63.55396270772898,10.51471063871342,4,60.73809117036439,1,1
101,MRT,Z2,Z8,Low,Leisure,Daily,27.24509123592109,106.379307262927,9.116316417820588,5,54.61105354579533,1,0
102,Bus,Z6,Z17,Mid,Work,Daily,50.83738793501893,19.141841410767114,11.065652015748004,4,63.50775499130478,1,1
103,Bus,Z2,Z1,Mid,Leisure,Weekly,25.211292081018488,37.97019362604343,7.999807178011768,3,69.48738132029231,1,0
104,Bus,Z13,Z11,Low,Work,Weekly,44.04713138076967,37.24297807079134,16.70348071911341,3,50.486105200102045,1,0
105,Leguna,Z11,Z8,High,Leisure,Daily,47.86599410469407,26.690269538235782,29.60063165141489,1,87.23636398954298,1,1
106,MRT,Z11,Z10,High,Work,Daily,21.06478041995036,63.83192282934215,5.933847000731255,5,124.06015043676872,0,0
107,Bus,Z16,Z7,Mid,Work,Occasional,35.63481915430164,38.1547464234415,8.976276677308936,4,32.566812782822154,0,1
108,Leguna,Z11,Z3,High,Work,Daily,15.888678858018615,35.315174907440195,27.744051799525067,1,181.2620895878364,1,1
109,MRT,Z19,Z3,Low,Work,Weekly,30.212175930716047,62.93471494362775,7.395525398157446,5,39.99726924572654,0,0
110,MRT,Z15,Z18,Low,Leisure,Daily,24.947829478164337,84.02800979697213,12.539027798011967,4,52.96875001013113,1,0
111,Bus,Z16,Z5,Low,Leisure,Daily,51.85920606922862,54.558223221467664,15.522532699123616,4,39.705812963673736,1,0
112,MRT,Z11,Z12,Low,Work,Daily,31.31245349900415,62.83607852912438,8.171871063359049,5,28.509930653905208,1,1
113,Leguna,Z16,Z12,Mid,Work,Daily,88.06739940250381,30.58322618031222,16.45564783097214,2,86.48680420029737,0,1
114,Leguna,Z8,Z19,High,Leisure,Occasional,50.41014065201513,27.848021033800208,21.7439792853291,2,104.0182350534929,0,1
115,Bus,Z4,Z6,Low,Leisure,Daily,70.49936061864571,50.71543152234886,12.953177956325122,3,36.4899292623128,1,0
116,Leguna,Z8,Z2,Low,School,Daily,78.82621161534966,24.260812491173212,10.263036781176758,2,35.53699892865133,1,1
117,Leguna,Z4,Z12,Low,Work,Daily,43.0473214276183,19.783288891255516,11.282935701260893,1,57.309578555674925,1,0
118,MRT,Z3,Z19,High,Work,Daily,18.721904734978374,92.75971501673376,7.529773772653172,5,152.1578959563539,1,1
119,Leguna,Z3,Z5,Low,School,Daily,41.8448763970616,37.15427138913415,24.086336708220756,2,48.12238357425254,0,0
120,Bus,Z18,Z12,Mid,Work,Daily,60.45870878436086,49.26605508044407,6.507245795968026,3,96.93764207769829,1,1
121,Leguna,Z19,Z17,Low,School,Weekly,63.436786795870624,29.42600975987827,10.595243155001187,1,39.97482207729797,1,0
122,Leguna,Z19,Z17,Low,Work,Daily,42.09860315446791,16.893473315218195,25.609490608562986,1,49.08386492971436,1,0
123,Bus,Z5,Z10,High,Leisure,Daily,57.72261319000002,27.67476685231491,14.761499688397617,4,127.86200427260177,0,1
124,MRT,Z18,Z17,High,Work,Occasional,30.005047469168005,65.75863509911353,12.304204938993031,5,61.513148467368985,0,1
125,MRT,Z10,Z15,Low,School,Daily,27.797200378397548,56.52795842956917,8.286032598323924,5,70.54551661481277,1,1
126,Bus,Z6,Z12,High,Work,Occasional,41.048276758766264,46.70740945950203,10.538701190491153,4,87.41836253645742,0,1
127,Leguna,Z1,Z16,Mid,School,Daily,66.70116058168234,27.529247657462225,23.75414071846821,1,87.00740432772676,0,1
128,Leguna,Z5,Z19,High,Work,Weekly,29.288557535857883,34.291190299451245,13.50994304690246,2,94.67027888450787,1,1
129,MRT,Z9,Z8,Low,School,Weekly,16.86653497138802,76.33879289488698,7.882078137117106,5,23.2826237830155,0,0
130,Bus,Z12,Z17,Mid,School,Weekly,42.98254823397401,21.8796109887038,15.20266795815517,3,35.39063961751082,1,0
131,Bus,Z14,Z5,Low,School,Occasional,54.33104985459073,53.2893331953541,13.934042603446013,3,67.60163414948667,1,0
132,MRT,Z2,Z16,Mid,School,Daily,33.72784340148773,94.5014069391342,8.991720177876307,5,74.54910557276382,1,0
133,MRT,Z17,Z6,Low,School,Occasional,26.15910266477513,80.35854564927433,6.9457572928588025,5,58.27828957733231,0,1
134,Bus,Z14,Z8,Low,Leisure,Daily,68.45120038248163,26.459816415015958,9.234039082825566,3,60.203453126264435,1,0
135,Leguna,Z13,Z18,Low,Work,Daily,67.35298585982844,8.199787938787008,25.004064134648285,1,36.826051207648,1,0
136,Bus,Z9,Z12,Mid,Leisure,Daily,58.278472244834866,39.338567151263334,8.734541693248318,3,81.99773908818426,0,0
137,Bus,Z15,Z15,Low,Work,Daily,29.11638619415099,54.816634024625984,21.812935952653973,3,67.24508028318121,0,0
138,Leguna,Z15,Z9,Mid,Work,Daily,60.07391343695695,14.50653799626573,26.941056671249086,1,85.9315387706061,1,1
139,Bus,Z11,Z13,High,Work,Daily,63.463117697321024,56.85014278708509,14.814404300871773,3,85.28650143860187,0,1
140,Leguna,Z16,Z15,Low,Work,Daily,42.403712929958914,32.62078715719125,23.789545093857818,1,30.0030746783329,0,1
141,Leguna,Z17,Z10,Mid,Leisure,Weekly,91.08320841429548,31.83180781241779,23.318924002895283,2,103.77193646174015,1,1
142,Bus,Z4,Z16,Low,Leisure,Weekly,51.94932795177159,30.1973882370249,27.309734827031093,3,77.74043212079572,1,0
143,Bus,Z1,Z7,High,Leisure,Daily,48.61982902375171,28.48985916380493,13.9316165890578,3,145.5023799725266,1,1
144,Bus,Z8,Z17,Low,School,Daily,41.932931685208175,22.60934368895566,17.564528336904658,2,56.26521128359101,0,0
145,Bus,Z17,Z7,Mid,Work,Daily,43.89078651587411,35.483405238403776,12.975124920140633,4,86.46370964916412,1,1
146,MRT,Z3,Z14,High,Work,Daily,18.93374344889928,84.97913835000296,10.397536459716198,4,158.51450579560685,1,1
147,Bus,Z20,Z15,High,Work,Daily,54.442943763327165,31.956842403400074,16.476777153812996,4,106.16490803896143,1,1
148,Bus,Z15,Z7,Mid,Work,Daily,35.52633406252003,42.88653930807484,12.373881339609843,3,95.1312934982628,1,0
149,MRT,Z15,Z9,Low,Work,Daily,20.868562848899426,77.05300124857854,7.382421707358979,4,32.082155903509474,1,0
150,Bus,Z14,Z19,Mid,Work,Occasional,33.80132480189641,33.40397731480767,8.475657730922547,3,85.71606573589466,0,1
151,Leguna,Z14,Z16,High,School,Daily,50.1769250571579,22.720996053042633,17.95056198003696,2,132.62098893055438,0,1
152,MRT,Z2,Z8,Mid,Leisure,Daily,23.06802043303377,54.466801008799834,6.611552940981467,5,68.44158446334579,0,1
153,MRT,Z13,Z18,Low,Leisure,Daily,15.374393156886844,64.36933381635346,6.538391236415219,4,41.16001652858957,1,0
154,Bus,Z14,Z18,High,Leisure,Daily,39.72118023275236,53.69254797421876,6.307163134751902,2,106.24084091696747,1,1
155,Leguna,Z19,Z20,Mid,School,Daily,71.90058931671129,20.54061557513343,16.696017422852528,2,36.60645164548596,1,0
156,MRT,Z7,Z7,Mid,Work,Weekly,17.586413529221513,51.22850599244312,7.549687335243486,5,56.11621197815421,0,0
157,Bus,Z3,Z3,Low,School,Daily,39.60555491321306,43.01107339191742,12.919172581612521,2,26.2461741531863,1,0
158,Leguna,Z15,Z18,Mid,Leisure,Daily,113.86067327960993,13.588968621748737,26.250897778900082,1,88.25997824275595,1,0
159,MRT,Z14,Z10,Low,Work,Occasional,24.355202005625912,67.50415914498862,10.746170826680485,4,60.35709029182269,0,1
160,Leguna,Z11,Z7,Mid,Work,Weekly,49.0091945080893,15.513115622958376,1.4243486612655154,2,85.31233986345067,1,1
161,Bus,Z15,Z17,Low,Leisure,Weekly,72.48835565218803,48.141517621182665,14.410333636676931,3,32.19509917541383,0,0
162,Bus,Z13,Z14,Mid,Work,Daily,50.530997209762795,52.23853198573728,12.684109148356466,4,101.15628361641592,0,0
163,Bus,Z18,Z3,High,School,Weekly,40.81674908773865,48.451579711843216,11.755514082629473,4,114.66246372586805,1,0
164,Bus,Z6,Z12,Low,School,Daily,23.922152297946376,6.752442800889035,4.655382681649032,4,36.3078362105523,0,0
165,MRT,Z3,Z13,High,Work,Daily,32.611594216464695,74.50239469447922,2.8883852395198435,5,105.36883881153766,1,1
166,Leguna,Z19,Z2,Low,Work,Daily,41.51068023740891,21.06751073121532,22.75956001237028,1,66.11499507155366,1,0
167,Bus,Z15,Z3,High,Work,Daily,73.56204884359511,56.25958915362063,23.09390116724067,3,78.36394348632595,0,1
168,MRT,Z5,Z5,Mid,Work,Daily,23.727638316799588,48.54986452145307,10.591375473708986,5,95.27720703266846,1,1
169,MRT,Z10,Z11,Mid,Work,Daily,26.734204510101033,63.54046208550734,6.233399519783912,4,90.01663182008423,1,1
170,Bus,Z7,Z8,Mid,Leisure,Occasional,32.441063534254496,44.41986006395031,9.84807261801492,3,62.4305239731588,1,1
171,Bus,Z17,Z12,High,Work,Occasional,28.427058104062198,42.20541427013867,18.089795761527792,3,142.27376740777862,0,1
172,MRT,Z7,Z7,Low,School,Weekly,20.89442908389283,81.74259626114825,5.465304639768579,5,40.436186868860545,1,0
173,Bus,Z12,Z15,Low,Work,Daily,37.03178558088602,44.838766511880394,6.488539250817883,3,34.39709420276153,1,0
174,MRT,Z17,Z17,Mid,Leisure,Weekly,30.450876083543584,74.59028131900712,9.616757555431203,4,118.90390148553865,1,1
175,Bus,Z13,Z4,High,Work,Daily,53.02226004518865,52.28980502489062,8.813461264856027,3,131.10635669825223,0,0
176,MRT,Z20,Z13,Mid,Work,Weekly,28.667093628411873,69.28179487293694,7.214884796965319,5,91.6862833287062,0,1
177,Bus,Z4,Z18,Mid,Leisure,Daily,30.95240437815606,33.322204435311136,13.460963641631865,3,107.86362515869811,0,1
178,Bus,Z10,Z1,Low,Leisure,Weekly,42.19006472390438,55.91019305775117,10.971157009851662,2,62.590236713474035,0,0
179,Leguna,Z3,Z16,High,Work,Daily,5.049903145495307,21.002158590786955,15.790017147860631,2,89.83195872931603,1,1
180,MRT,Z9,Z13,Low,Leisure,Weekly,36.10670222566758,71.00950259239522,4.66998928434222,5,55.402462759186506,1,0
181,Bus,Z13,Z10,Mid,Work,Occasional,56.52310824947606,42.15396505456288,14.541343198372948,2,62.07334682815876,0,1
182,MRT,Z18,Z12,Low,Work,Daily,56.409901651490614,80.84504430218182,6.4635628029556,5,53.28953505800654,1,1
183,Leguna,Z15,Z2,Low,Work,Daily,54.25104961199289,27.298631235224075,19.635902037590064,1,62.78702965149426,1,1
184,Leguna,Z4,Z3,Low,Work,Occasional,51.51527333203913,26.99342937371118,12.852054128899134,1,31.562246032993755,1,1
185,Bus,Z15,Z10,Low,Leisure,Daily,38.757083926721194,28.699306609596423,9.749935710020932,4,41.05382888046681,1,1
186,Bus,Z2,Z2,Mid,Work,Weekly,63.85723825293859,43.25014136256542,9.768786628901244,3,74.01636455145132,0,0
187,Leguna,Z15,Z13,Low,Work,Daily,73.71015477580409,39.788870666371295,18.595488436006278,1,32.34556830845048,0,1
188,Bus,Z8,Z13,Low,Leisure,Daily,55.0298220713686,55.33854941032175,12.689222524403917,3,77.30815861912723,1,0
189,Bus,Z8,Z18,Low,Leisure,Daily,42.079540558249775,39.358118228915025,12.458762422241865,4,53.14205125471659,1,0
190,MRT,Z17,Z3,Low,Work,Daily,27.01792317141342,90.42531042632335,3.6133257809304737,5,35.23198924277048,1,0
191,MRT,Z12,Z7,Low,School,Weekly,31.95323673997517,73.16690710964194,5.3322775153150275,4,65.32273089172796,0,0
192,Leguna,Z19,Z14,Low,Work,Daily,79.10601116475506,32.93006926553671,28.30702123812119,1,63.78372281987494,1,0
193,Leguna,Z10,Z20,Mid,Leisure,Daily,47.92038748061541,23.163610757117223,6.884126699796527,1,90.9157342706471,1,1
194,Bus,Z9,Z17,Mid,School,Daily,39.11293340908691,35.31566151719633,6.22652628683567,4,36.56857190479105,1,1
195,Bus,Z5,Z12,Mid,Leisure,Daily,49.86085542332341,28.523086101843326,12.426047248169505,3,88.43560148501741,1,1
196,Bus,Z6,Z16,Low,Work,Weekly,5.0,60.756375421658376,10.138637578572004,4,69.65287862121346,1,0
197,Leguna,Z20,Z12,Low,Work,Occasional,69.33341963932162,37.16804981727504,12.408667833401303,1,33.617876098569,0,0
198,Leguna,Z2,Z15,High,Work,Daily,94.94726395831117,22.83872006093869,24.751413875381154,1,112.38971767372857,1,1
199,Leguna,Z13,Z10,Mid,Work,Weekly,43.50971676944653,20.131282214082397,15.768178335487878,1,93.72707110029066,0,1
200,Leguna,Z6,Z7,Low,Work,Weekly,38.86884714479494,26.834513027477175,33.701341702708554,1,37.41660988961395,0,1
201,Bus,Z5,Z20,Low,Leisure,Daily,16.316175368703348,39.31365953914531,5.158424805835947,2,71.62917508702834,0,0
202,MRT,Z1,Z5,Low,Work,Occasional,40.89820799384646,81.84265157810297,4.974007996499514,5,42.314386389849595,0,0
203,MRT,Z6,Z1,Low,Work,Daily,35.10965342123735,67.30526033801397,9.630438136010278,5,67.19041362520122,0,0
204,Leguna,Z6,Z17,Low,Leisure,Daily,63.99620867437427,40.27534921834795,26.479114573288932,2,10.0,1,0
205,Bus,Z16,Z3,Mid,Work,Weekly,20.176688456575558,30.399537047205364,11.386455332021379,3,62.253410822884575,1,1
206,MRT,Z4,Z13,Mid,Leisure,Daily,25.746978994213208,64.57855388267105,7.708645396774572,5,95.43592354471322,0,0
207,MRT,Z11,Z14,Mid,Work,Weekly,37.13115244202858,89.03177480588725,8.216110583851234,5,101.92139814954797,1,0
208,Bus,Z9,Z18,Mid,Work,Weekly,41.81686545148273,22.556692807217424,14.911222387818803,4,88.50642616660221,1,1
209,MRT,Z3,Z4,High,Work,Daily,9.737539536980872,67.09422483830747,6.759183399735067,4,99.62308040421135,0,1
210,MRT,Z19,Z18,Mid,Work,Weekly,40.10150125872153,58.753495577057095,9.959579331740928,5,21.71488020366118,0,1
211,Bus,Z8,Z5,High,Leisure,Daily,61.240365808306095,35.28875348182122,11.531819056304146,3,59.479836056327656,0,1
212,Bus,Z5,Z16,Low,Work,Daily,64.88694971313285,51.5356342865986,9.406960104848526,3,10.0,1,0
213,Bus,Z4,Z1,Low,School,Weekly,22.209808867847364,11.67844401889431,9.744205707955006,3,59.55987024534609,1,0
214,MRT,Z6,Z14,Low,Work,Occasional,29.413926399287362,87.26669907918406,9.38499888413409,5,74.24450064082875,1,0
215,Leguna,Z2,Z15,Mid,Work,Daily,22.605166006091586,21.891833798535927,21.52339111940046,1,75.02768292466645,1,1
216,MRT,Z20,Z9,High,Leisure,Daily,28.593749770280276,79.59752234436411,6.458484149471684,5,138.79840911789213,1,1
217,Bus,Z11,Z15,Low,Work,Weekly,51.80263068831701,30.177059657453206,12.294921107947987,4,45.270550170708134,0,0
218,Leguna,Z4,Z17,High,School,Weekly,68.93745001605396,23.921593027942322,14.347515369332218,1,91.76931898000862,0,1
219,Bus,Z15,Z4,Low,Leisure,Weekly,54.15324254383834,41.569729609684344,9.067343652180323,3,41.51635448189015,1,1
220,Leguna,Z6,Z12,High,School,Daily,64.48432808581586,7.517625221320753,29.150693811363126,2,105.86052836546646,1,1
221,Bus,Z17,Z5,Low,Leisure,Daily,51.382348998603455,51.97246923645228,5.1416315138476705,2,37.15745239007375,1,0
222,Bus,Z6,Z5,Low,Work,Daily,34.3583849635868,29.30713144581175,3.0652713433007595,3,50.5334911104949,1,0
223,MRT,Z19,Z11,Low,Work,Weekly,20.555625764105066,83.06583547404465,4.3935514217717335,4,57.20390752108887,1,1
224,Bus,Z2,Z6,Low,Work,Daily,39.06478932365604,28.001402778204017,10.538723922780799,4,34.17338486779326,1,0
225,Bus,Z15,Z7,Low,Leisure,Daily,22.282945362288494,43.215932113392384,20.774665358236206,4,62.92154788449207,0,0
226,MRT,Z11,Z14,Low,Leisure,Occasional,25.147213046267506,85.30321794798014,7.23220831499074,5,53.769749723571536,1,1
227,Leguna,Z8,Z11,High,Work,Daily,64.50528234495098,30.541782040934876,9.845356027626407,2,164.13104072451313,1,1
228,Bus,Z19,Z13,Mid,School,Occasional,70.53771987194409,59.89855073337557,13.754712524478535,3,66.01009559664713,0,0
229,Leguna,Z13,Z2,Low,Work,Weekly,75.50310988069566,29.424320686818866,21.872195634825182,1,28.345936067453525,0,1
230,Bus,Z12,Z7,Mid,School,Weekly,41.27207072888326,37.67870681451546,17.82307495155178,3,70.34180321078965,1,0
231,Leguna,Z5,Z20,Mid,Work,Daily,56.28308495614505,27.47999186532444,19.547292088800834,1,99.02612488598967,0,0
232,Bus,Z6,Z4,Low,Leisure,Daily,63.28456184690495,46.72943204495039,3.177020453614764,3,57.903468854986905,1,0
233,Bus,Z4,Z8,Low,School,Weekly,43.58311928336996,44.19609972024118,7.68058519705117,3,51.894712992248,1,0
234,Bus,Z19,Z20,Low,Work,Weekly,64.19197397486627,53.46669723754866,9.628272790482637,3,42.96303718684386,1,1
235,MRT,Z20,Z19,Low,Work,Weekly,38.19584715459137,96.05915839968779,5.811192590577772,5,58.66045287659992,1,1
236,Leguna,Z1,Z13,Mid,Work,Daily,67.22834634546206,28.5480137646762,10.785052923305807,1,77.42681107295888,1,1
237,Bus,Z20,Z14,Low,Work,Weekly,51.75905119293808,21.30183660467836,6.191080780438181,2,40.87473852980994,1,1
238,MRT,Z17,Z10,Mid,Work,Weekly,22.73488882604986,102.44153350138339,6.572034192840897,5,91.85060614635523,0,1
239,Bus,Z12,Z11,Mid,Leisure,Weekly,42.08596302032221,32.44208499841637,17.243535632082818,2,127.76743985740877,1,0
240,MRT,Z15,Z2,Low,School,Weekly,38.243256904706364,74.39506882603744,6.478185768218562,5,67.7638496779426,1,0
241,Leguna,Z1,Z9,Mid,School,Weekly,57.212055986735315,30.917225213797373,4.725151299941658,1,94.45653789971024,1,1
242,Leguna,Z14,Z17,Low,Work,Weekly,86.36604649705339,23.54065491568369,20.24860773500011,2,51.67698737305082,0,0
243,Leguna,Z6,Z3,High,Leisure,Daily,58.21531691557102,24.699434840164148,6.150389572440597,2,117.57247987011935,0,1
244,Bus,Z5,Z6,Low,Leisure,Daily,67.42407341179853,22.661736455163318,13.704763451108132,4,10.0,1,1
245,MRT,Z11,Z5,High,Work,Daily,28.787775192281828,75.9853836365181,10.54031232564948,4,84.33109741395114,1,0
246,Leguna,Z4,Z5,Mid,Leisure,Daily,17.455451592970093,34.68194800405501,17.84786762868142,2,79.00239691743765,1,1
247,Bus,Z13,Z15,Low,School,Daily,34.38561157766961,32.87826135823956,11.446673157213352,3,38.13677312458152,1,0
248,Leguna,Z11,Z17,Mid,Work,Daily,42.06715545369583,30.418876173491377,13.799726484610208,1,80.68016192456294,1,1
249,Leguna,Z3,Z9,High,Work,Daily,5.0,22.001423547025553,11.691649433248221,1,120.04857094070823,0,1
250,Leguna,Z1,Z3,Mid,Work,Daily,27.37448369078109,27.017338803804606,10.511446148804694,2,88.29545781577582,0,1
251,Bus,Z6,Z20,High,Work,Weekly,35.90244917676391,44.55904195170703,9.70454844890504,3,93.95217115205003,0,1
252,Bus,Z18,Z17,High,Leisure,Occasional,34.58099446255283,56.98092906333733,7.674642864144361,2,122.93439879279921,1,0
253,Leguna,Z10,Z10,Low,Leisure,Daily,58.067526599702205,21.67226457642113,12.434031514425751,1,46.46125206031814,1,0
254,Bus,Z5,Z3,Low,School,Occasional,54.12369287527453,45.233950169020154,10.372063214234391,4,43.89672133243438,1,0
255,MRT,Z10,Z18,Mid,Work,Daily,16.9822638485862,68.71347143970448,3.5996444281529687,5,50.05484709642711,1,0
256,Bus,Z12,Z18,Low,Work,Daily,37.47896779671545,45.1651728439791,16.864982726665,4,69.2140936500009,1,0
257,Leguna,Z2,Z17,High,School,Daily,37.926603429392614,22.353686205379542,13.7584069670603,1,140.15833823443492,0,1
258,Bus,Z13,Z3,High,School,Daily,64.95862356058561,36.232995700964345,10.968425981903355,4,131.5260621601769,0,0
259,Bus,Z8,Z3,Low,Work,Weekly,58.39430805163154,58.29620201716087,9.951567036852513,3,32.25415722898417,1,1
260,MRT,Z2,Z6,Low,School,Weekly,30.698577276641295,60.28781218317175,13.299966467874306,5,46.20855117355722,0,0
261,Bus,Z20,Z13,Mid,Leisure,Daily,55.69068043291997,21.16849791941416,10.138404735310386,4,92.91175424348387,1,0
262,Leguna,Z1,Z15,Low,Work,Daily,68.74626374077921,32.424360568045536,24.342626810165413,1,50.29071856547038,1,0
263,MRT,Z5,Z9,High,Work,Daily,17.381468954089623,69.84507292312203,5.682021664187528,5,87.14188443471586,1,1
264,Bus,Z9,Z4,Low,Leisure,Daily,57.45287717793915,35.468941320192876,16.47361757323569,3,10.0,1,0
265,Leguna,Z17,Z14,Mid,Work,Daily,93.34448223102274,37.18590897369806,25.884975977965972,1,135.10435487439804,0,1
266,Leguna,Z9,Z5,Low,Work,Daily,95.6359781754212,32.3437413653309,13.873119279309579,1,45.41584078769295,1,0
267,Bus,Z11,Z2,Mid,Work,Weekly,29.247888905967816,47.574951493374854,18.852680719983567,3,74.6879087942779,1,0
268,Leguna,Z15,Z11,Low,Work,Occasional,73.90405800167999,33.58309394394315,22.60349487547048,1,44.00182641997443,0,0
269,Bus,Z6,Z9,Mid,Leisure,Daily,32.29723550811953,52.49618905296667,15.896745019526662,3,89.72369583123879,1,0
270,Bus,Z3,Z3,Low,School,Occasional,44.41470720933684,36.83234894064353,11.88711029452791,2,20.759423670163653,1,1
271,Leguna,Z17,Z9,Mid,Work,Daily,38.58295162631123,40.29135269711779,9.756355431980266,1,52.09102990489856,0,1
272,Leguna,Z5,Z3,High,Leisure,Daily,63.78959642442161,26.75288480027528,20.61715828706501,1,98.76267177977775,1,1
273,Leguna,Z12,Z2,Low,Leisure,Daily,63.694209495621664,32.50332430008524,20.099994575258002,1,71.40958046433825,1,0
274,Leguna,Z18,Z12,Low,Leisure,Weekly,117.36806111333536,26.570435335394844,13.617490013301312,1,43.70847871012174,1,1
275,Bus,Z14,Z10,Low,Work,Occasional,42.407973939053036,47.719201548366755,14.20653575849623,3,54.610184250619554,1,1
276,Bus,Z11,Z9,Mid,Work,Weekly,34.002657043350055,59.015592551136706,13.224096869472698,4,75.04495163520582,0,1
277,Leguna,Z9,Z15,Mid,Leisure,Daily,72.77320337286204,33.4649466006972,22.94095872167769,1,76.83389043980672,1,0
278,Bus,Z2,Z8,Mid,Leisure,Weekly,47.221341296974146,46.52646407177078,6.31156271724633,3,76.3229221368158,0,1
279,Leguna,Z12,Z5,Low,Work,Daily,55.237791273758916,25.368021978026192,12.763085000049871,1,49.060276668172676,1,0
280,Leguna,Z3,Z11,Low,Work,Weekly,83.4551369053489,9.239996356649007,25.66974938814345,1,53.61860372610094,1,1
281,Leguna,Z3,Z2,Mid,Work,Daily,64.62891845051145,30.171916301806164,18.27465889961894,2,97.37545001181542,0,0
282,Bus,Z1,Z15,Low,Leisure,Daily,31.905583643194493,36.2244534359104,13.383614862941581,2,32.20495359335219,0,1
283,Bus,Z8,Z6,High,School,Daily,31.255888491544127,53.55442801105496,17.85099354598302,4,137.63567664413205,0,1
284,MRT,Z8,Z8,Low,Work,Weekly,26.07437197798234,89.1261163069884,16.2979388433178,4,59.29608177054303,0,0
285,Bus,Z11,Z5,Mid,Work,Daily,12.714246830862294,48.76455645502936,4.192533887790703,3,107.01704661398011,1,0
286,MRT,Z9,Z16,Low,School,Weekly,37.027358627431994,75.75669919220562,6.142781790448375,4,40.19481289043871,0,0
287,Bus,Z5,Z18,Low,Leisure,Daily,66.27797017722055,15.121913434649205,18.384826930440937,3,60.28384619447625,1,1
288,Bus,Z14,Z6,Mid,Work,Weekly,50.07035221652562,31.82284524269869,3.8369862715633847,3,77.16702827979746,1,0
289,Bus,Z3,Z5,Mid,Leisure,Weekly,27.69974234106061,51.373145423647294,13.692764381429571,2,68.76315801296602,1,1
290,Bus,Z5,Z16,High,Leisure,Weekly,30.931116351954017,57.32049291368082,15.51440899297561,4,134.38082860288267,1,1
291,MRT,Z5,Z13,Low,Work,Daily,29.256049590575543,85.42491591870525,13.283564374602122,5,67.72351574628719,0,0
292,MRT,Z19,Z5,Low,School,Daily,24.997490619105804,73.10676588257365,2.78566508136384,5,85.15481079218938,0,0
293,Leguna,Z14,Z13,Mid,Work,Daily,52.77074466612029,28.331568304811622,19.568761207954086,1,97.41493289176806,0,1
294,Bus,Z4,Z17,Mid,Leisure,Weekly,30.26544629434028,31.466966931736668,12.426421167466758,2,98.9762619294324,0,0
295,MRT,Z13,Z18,Low,School,Daily,26.569051672191257,66.43897565396,3.3531184248395753,5,39.69478850450754,1,0
296,Bus,Z10,Z8,Low,School,Daily,48.869639718317714,59.70864270717799,11.902656504614514,3,29.741660534855253,1,1
297,Leguna,Z18,Z13,Low,Leisure,Daily,78.2754324277117,12.634161706474135,32.71871182544547,1,52.20402947580032,0,1
298,MRT,Z8,Z19,High,Work,Daily,29.59256976715201,72.21264015809464,14.492022121737069,4,104.33605289940023,0,1
299,Bus,Z8,Z3,Low,Leisure,Weekly,52.541766403427914,57.96360822926964,15.530394569075657,2,31.33186249872916,0,0
300,MRT,Z7,Z8,Low,School,Daily,23.058549785503732,74.38729586014725,7.533302916434494,5,53.493021311403474,1,0
301,MRT,Z8,Z2,Low,Work,Weekly,16.78904633867286,98.45000859078725,5.105883722747856,5,39.77929647395639,0,0
302,Bus,Z14,Z8,Low,School,Daily,69.42702832158483,17.437500652517734,6.107798265699771,4,64.51739036037806,1,0
303,Bus,Z19,Z13,Low,Leisure,Daily,37.2090544226081,36.5909212265392,14.141583461876188,3,37.214198508888444,1,1
304,Bus,Z6,Z13,Mid,Work,Daily,46.15734744326575,38.18614596890714,9.528228310716415,3,89.50731221384021,0,0
305,Leguna,Z1,Z1,Low,Leisure,Daily,69.16336229577398,17.162230202265548,10.77334077435404,1,38.42342063910687,1,0
306,Leguna,Z15,Z6,High,Leisure,Daily,26.253113057785797,23.293361605525845,27.679653395469963,1,168.28561997327918,0,1
307,Bus,Z1,Z19,Low,Work,Weekly,34.36468563554264,59.53259137526568,9.370601620523981,4,37.66885982258109,1,0
308,Bus,Z17,Z16,Mid,Leisure,Daily,47.66625159402047,41.7252678292309,14.554314945741588,4,55.614310669556126,1,0
309,Leguna,Z1,Z8,High,Work,Weekly,58.451130785480125,15.437649891206043,31.607420386233695,1,69.344844357945,1,1
310,Bus,Z15,Z1,Mid,Work,Daily,72.10794965456827,31.66626441204565,10.192057097122035,3,57.59905155060255,0,0
311,Bus,Z2,Z16,Mid,Work,Daily,52.58948330183798,32.71727797593387,22.825280339033014,4,59.45192896947978,1,1
312,MRT,Z14,Z9,Low,Leisure,Weekly,34.52438875474877,52.30927624333917,10.759109942252906,5,44.40097631088029,0,0
313,MRT,Z8,Z13,Low,School,Daily,18.47026204366428,81.17214594454471,10.584908373493832,5,54.017654567995,0,1
314,Leguna,Z8,Z11,Mid,Work,Daily,62.781207973068355,18.8341035223931,16.47762570313953,1,63.52930058748301,1,0
315,Leguna,Z19,Z13,High,Work,Daily,99.45084353579617,13.912096460808016,24.044713934686996,2,144.81346285697305,0,0
316,Bus,Z7,Z10,Mid,School,Daily,67.33669662492434,39.54138740630979,7.8436461302384455,3,83.15948624502903,0,1
317,Bus,Z19,Z4,Mid,Work,Weekly,52.371441790803,45.69760357198647,12.977408657766453,2,107.0222817997343,1,1
318,MRT,Z6,Z6,Mid,Leisure,Daily,24.209238390085552,88.393655922657,5.559408951901292,4,105.85490579036414,1,0
319,MRT,Z6,Z7,Low,Leisure,Weekly,28.487803116000368,42.01630872170472,10.046208470187894,5,74.9559924821521,1,0
320,Bus,Z3,Z5,Low,School,Weekly,46.89266855492951,53.79162588197498,11.583099277807673,4,54.578646897970295,0,1
321,Bus,Z7,Z11,Mid,Leisure,Daily,34.87598971814172,35.96924010934969,21.95776651102367,3,71.02914326944277,1,0
322,Leguna,Z19,Z13,High,Work,Occasional,43.35877390300287,26.053156535354276,15.28346092806079,2,127.15664861321217,0,0
323,Bus,Z8,Z19,Low,Leisure,Daily,25.61061979271606,34.6783143687281,8.963227833938943,4,66.4482067734538,1,0
324,Bus,Z10,Z10,Mid,School,Occasional,43.84168432165431,43.25840852147925,18.041739087867818,3,36.174922976694376,1,0
325,Leguna,Z20,Z10,Low,School,Daily,65.05137691993247,36.076256380751246,23.553586618325376,2,50.047215903594896,1,0
326,Leguna,Z15,Z11,Mid,Work,Weekly,82.02645915471524,12.827225258938643,33.97391150006677,2,104.59980736877367,0,1
327,Bus,Z15,Z7,Low,Leisure,Daily,79.08652080670322,48.89037122279892,14.868722105022066,3,58.80893620196265,0,0
328,Bus,Z1,Z18,Low,Work,Daily,25.855433751924963,54.003997947952826,14.771123519730198,3,46.915582195351284,1,0
329,Bus,Z20,Z4,Mid,Work,Weekly,55.43103711825448,28.589914902472618,11.442455864285282,2,65.20457672054066,1,0
330,MRT,Z7,Z2,Low,Work,Weekly,18.560268153179514,72.24225374290897,6.35550093209226,5,29.98084089634651,1,0
331,Bus,Z4,Z14,Mid,School,Daily,43.08517977722715,34.3939236315269,1.0,3,95.79839444361704,0,1
332,Leguna,Z6,Z13,Mid,School,Daily,101.05944049003327,23.417847642355085,21.512889732831525,1,99.39138051505813,1,1
333,MRT,Z1,Z12,High,Leisure,Weekly,38.565783022486926,108.45933042159668,8.470081184739573,5,118.45431214426061,0,1
334,MRT,Z5,Z7,Low,Leisure,Weekly,33.188245153482754,111.5550965459258,9.78919120735296,4,57.546355529356205,1,0
335,MRT,Z1,Z2,Low,Work,Occasional,21.363618250052447,76.72020083847445,7.725801327472657,4,40.16468420807834,1,0
336,MRT,Z4,Z13,Low,Leisure,Weekly,24.35297201707631,55.43592623814992,8.358800788001313,5,46.46433132714997,1,0
337,Leguna,Z2,Z14,High,Work,Occasional,79.55631099372401,8.154824465277404,29.228722746535404,1,165.86243551622726,0,1
338,Leguna,Z10,Z17,High,Leisure,Weekly,87.72698794525687,5.0,17.41249705964317,1,117.56862105834769,0,1
339,Bus,Z5,Z9,Mid,Leisure,Daily,29.841026701066298,34.84781606191757,19.650975994316756,3,107.56939254923009,0,1
340,MRT,Z10,Z17,High,School,Daily,30.319417298413928,59.09253434280616,6.301614234177296,4,123.47473761680838,1,1
341,Bus,Z1,Z8,Mid,Leisure,Weekly,52.44298781044974,34.64683287432341,14.557497876809308,3,85.73548224765173,1,1
342,Bus,Z6,Z2,Mid,Work,Weekly,74.02731060090343,31.025084368327903,5.439087612361087,4,77.05589442628805,1,0
343,MRT,Z13,Z13,Low,Work,Daily,25.36178167199986,80.76796852821629,6.4946474215654035,5,52.88895378096958,1,0
344,Bus,Z15,Z3,Mid,Leisure,Daily,24.413016781738488,34.02576634856772,17.389508697266628,4,127.84219270547985,0,0
345,Bus,Z4,Z16,Low,Work,Occasional,70.68060426026838,22.523634901717383,14.173850322784457,4,48.277966268614044,1,0
346,Bus,Z13,Z6,High,Work,Daily,52.131460237899354,41.597177286821,10.168791512609102,2,137.0031517855254,0,1
347,Bus,Z20,Z19,Mid,Work,Daily,64.19278004640239,17.831811606459354,14.513724037454073,4,94.22821158930991,0,1
348,MRT,Z15,Z7,Mid,Leisure,Daily,5.05383343735938,85.97673684286819,5.514807635619053,5,142.2582040208768,0,0
349,Bus,Z8,Z10,Low,Work,Daily,36.27326949911919,28.261200355910276,11.01031135507659,3,23.065352410549774,1,0
350,Bus,Z5,Z9,Low,Work,Daily,76.01859507245328,51.426999162351834,3.337279878228232,3,45.04864712447844,1,1
351,Bus,Z15,Z2,Low,Leisure,Daily,43.44853163564574,27.609472974733578,22.479217509045796,3,38.98650017043443,1,1
352,Leguna,Z4,Z15,Low,Leisure,Daily,91.88884783498393,34.637395519949635,15.007210301394318,1,47.87705543993229,1,1
353,Bus,Z12,Z5,Low,Work,Weekly,58.191255617061046,29.226239230152416,18.882482250097688,4,50.131754823472214,0,0
354,MRT,Z13,Z4,High,Work,Daily,27.505057120105242,76.06782284198141,15.324513026508404,4,112.86950049117047,1,1
355,MRT,Z2,Z20,Mid,Work,Weekly,20.748363589126278,56.48210861951816,9.040129932814759,4,37.905009885619705,1,1
356,Bus,Z19,Z4,Low,Work,Weekly,82.67334827376635,39.98263476724305,10.86056009224669,3,80.63266865802096,0,0
357,MRT,Z19,Z18,Low,Work,Daily,30.12434348059819,81.84617302484271,7.660615842452779,4,47.21113278576844,1,0
358,Bus,Z4,Z4,Low,Leisure,Weekly,25.511754548312638,48.525958032951024,22.602840602152508,3,26.009078567085332,1,0
359,Leguna,Z4,Z17,Mid,School,Daily,79.16771639684085,25.413287814808637,21.83259750564562,2,105.76151449704756,1,0
360,Bus,Z11,Z12,Mid,School,Weekly,61.114770190733424,52.53088917302077,13.958353078076358,3,80.29017998525308,1,1
361,Bus,Z5,Z17,High,Work,Daily,49.81178588899026,41.94051943605874,5.64969455643984,3,141.93001880356445,1,1
362,Bus,Z20,Z10,Low,Leisure,Weekly,49.30433781452563,33.70647900313315,8.253921914555388,3,58.076524358246786,1,0
363,Bus,Z11,Z1,High,Work,Weekly,76.87157104525443,53.31339061988403,21.601837510721307,2,185.55284685108336,0,1
364,Bus,Z10,Z18,High,Leisure,Daily,26.656574706666543,25.108535821008715,12.47062133894638,3,99.39853970990114,0,1
365,Leguna,Z8,Z18,Low,School,Daily,84.79168012883123,21.83016257518592,28.547034669552133,2,47.44421351917706,1,0
366,Bus,Z6,Z14,High,Work,Weekly,54.061813343827765,38.92645209285983,16.997095163389556,3,95.61529228990305,1,1
367,Leguna,Z6,Z15,Low,School,Weekly,85.18466479573598,34.17152696320582,12.212969295783722,2,18.88270473475533,1,1
368,Leguna,Z8,Z12,High,Work,Daily,80.1426667294632,22.786913046708428,23.607131001700118,1,119.33895407987188,1,1
369,MRT,Z15,Z4,Low,School,Weekly,41.39849676628741,80.01024228436223,10.346390004594378,5,55.124903479289394,0,1
370,MRT,Z14,Z3,High,Work,Daily,18.672804946659575,67.89880429685766,2.921955153467189,4,111.86055065795108,0,1
371,MRT,Z11,Z20,High,Work,Weekly,25.272219288577855,81.67058902760078,7.462720144951531,5,141.28057543365952,0,1
372,MRT,Z12,Z12,High,Leisure,Daily,28.166558248767384,91.40177564384541,11.163236336658233,5,120.58374766556649,1,1
373,MRT,Z13,Z7,Mid,Work,Weekly,17.113569530657387,75.73767353106804,11.584288585630812,5,73.29511836263947,0,1
374,Bus,Z8,Z11,Low,Leisure,Daily,58.419707813608085,40.22203934542637,4.695375306741713,3,29.88402930047647,1,0
375,MRT,Z18,Z1,Low,Work,Daily,40.182136133967816,65.78160924096521,5.497030863525254,5,49.69159163974239,0,0
376,Bus,Z1,Z6,Low,School,Daily,56.460446723592895,31.667050417575098,8.808615171514262,4,54.33775509678088,1,0
377,Leguna,Z15,Z15,Low,School,Daily,55.28060025578057,30.953485682520277,23.37236866829249,2,59.14289067812902,1,1
378,MRT,Z8,Z15,Mid,School,Daily,27.134547170363216,57.377182184691065,4.529064574573124,4,48.89252532317515,1,1
379,Leguna,Z11,Z19,Low,Work,Daily,40.20084414895972,24.719939119950112,13.511993090969241,2,55.016577722727824,1,0
380,Bus,Z12,Z11,High,Work,Weekly,28.2893032475701,36.2265792305219,15.586417905793878,4,164.34215695069332,0,1
381,MRT,Z12,Z2,Mid,Work,Daily,28.264422774694047,88.26196358410495,9.334321423494785,5,99.12590004182692,1,1
382,Bus,Z4,Z14,High,Work,Daily,32.61519475796787,28.656036172935103,18.148871122609684,3,189.74019917558454,0,1
383,Bus,Z16,Z2,Low,School,Daily,47.4073443596022,62.12531039397242,10.199803656215087,4,22.688595832969757,1,0
384,Leguna,Z4,Z4,High,Leisure,Daily,45.43845804289358,23.968806527054483,22.72523309129713,1,98.82679550713905,1,1
385,Leguna,Z5,Z17,High,Leisure,Daily,74.62760505149984,29.72337649001171,18.86282770447563,2,116.54670918230282,0,1
386,Leguna,Z5,Z3,Low,Leisure,Daily,66.7737463584338,28.215351641391383,14.224293382998965,2,44.81121006429244,1,0
387,Bus,Z8,Z13,Mid,Leisure,Daily,27.85471031889407,48.20158186755484,11.676556974837407,2,64.66271923990895,1,1
388,MRT,Z10,Z9,Mid,School,Daily,25.582992784124123,76.94409307937603,13.419548631986029,5,81.36144538497243,1,1
389,Leguna,Z17,Z7,Low,Work,Daily,37.609077432336626,21.85176115224217,21.429557734483804,1,53.72487713773823,1,1
390,Leguna,Z9,Z15,Mid,Leisure,Daily,84.58429568594102,25.72880693284898,34.45227737167467,1,81.56235470472032,1,0
391,Leguna,Z19,Z11,Low,School,Daily,85.50781475998029,23.786284531382165,24.266873957643597,1,33.89467011623371,1,0
392,Bus,Z14,Z20,Low,School,Daily,57.59202756777607,44.73050928233213,16.686636459104385,3,51.216238143512356,1,0
393,Bus,Z8,Z2,Low,Work,Occasional,58.08295500109467,36.849132688058916,9.141269790219694,3,49.40158424372432,1,0
394,Leguna,Z9,Z15,Low,Work,Daily,66.65215020648395,25.5817970192263,21.498364398585746,1,28.936406506076167,1,1
395,Bus,Z11,Z14,Low,Work,Weekly,31.255186213898703,31.6307929620372,11.298124705473318,4,26.2635803896454,1,0
396,Leguna,Z1,Z20,Low,Leisure,Daily,66.15225336378393,16.819317197823267,17.576308985005593,1,62.25255517146472,1,0
397,Leguna,Z14,Z11,High,School,Weekly,68.48133723036902,25.315576385925915,8.51272380905178,1,112.27138543467018,0,1
398,Bus,Z5,Z3,Mid,Work,Weekly,25.262762753587392,12.777222590768552,16.712726142267357,4,78.60733093399784,0,0
399,Leguna,Z14,Z17,High,Leisure,Daily,124.86185939189467,43.463330004928885,18.548407446019866,1,111.78812243499718,0,1
400,Leguna,Z4,Z12,Low,Work,Occasional,57.873259949373704,12.572577612265658,33.96697068908126,1,49.78594470575917,1,1
401,MRT,Z1,Z15,Low,Work,Daily,20.023721555564947,88.74106374760797,9.490620771522792,5,56.5400866283387,0,1
402,Leguna,Z19,Z16,Mid,Work,Daily,81.395429099677,11.757048948753587,17.71597042423108,2,96.87679019283475,1,1
403,Bus,Z8,Z5,Low,Leisure,Weekly,14.722682034170433,41.450637459593814,15.965878441093388,3,26.266652498802834,1,1
404,Leguna,Z15,Z20,Low,Leisure,Weekly,57.55885735757445,13.727144577952183,16.73091269970664,1,50.753415487485206,1,0
405,Bus,Z15,Z6,Mid,Work,Daily,34.279789845143526,45.212799050138145,13.608392706882501,3,66.15298451532412,1,0
406,Leguna,Z9,Z19,Low,Leisure,Daily,63.361196119336405,25.27120627300368,11.66521963647577,1,40.11441087667033,0,1
407,Bus,Z9,Z5,Mid,Work,Daily,66.4328656172035,25.258678679578942,9.070361633411224,2,100.67762109848417,1,1
408,MRT,Z10,Z3,Mid,Leisure,Daily,27.632854229681037,78.4026817522918,6.638622544507749,5,71.85079785416796,1,0
409,Leguna,Z20,Z1,Low,Leisure,Weekly,46.154993414682075,9.248614860671335,20.827505034464853,2,48.135713342563456,1,1
410,MRT,Z9,Z6,Low,Leisure,Daily,41.33660832114995,76.813566051343,12.512642848489769,5,46.829236552730464,1,0
411,Bus,Z3,Z15,Mid,Work,Daily,49.83123466150478,39.88907996051398,7.934928138699351,3,90.36203404059951,1,0
412,Leguna,Z20,Z2,Low,Leisure,Daily,76.46559831355411,27.307289189728493,15.498463804478138,1,42.06198485282731,1,0
413,Leguna,Z11,Z3,Low,Leisure,Daily,73.2940549066622,20.576633301061584,28.014598829455498,1,52.06028719110554,0,0
414,Bus,Z6,Z17,High,Work,Daily,37.536437424221894,29.362103838979685,8.050762804753727,3,207.54520665180277,0,1
415,Bus,Z2,Z12,Low,Leisure,Weekly,18.433971703678633,44.71542380418206,2.8442756083082497,4,48.620648260936015,1,1
416,Bus,Z7,Z18,Mid,Work,Occasional,26.573342531013562,39.840821549977576,16.58005159895545,3,80.32050564590321,0,0
417,Bus,Z18,Z15,High,Leisure,Weekly,42.74519309592192,36.73303786813636,6.787111526647118,2,97.01637508167987,0,1
418,Bus,Z2,Z12,Low,Work,Daily,27.4164936984504,36.15204465826935,13.443160754491899,3,33.079061677884596,0,0
419,Bus,Z17,Z16,Low,Leisure,Weekly,47.71594114156623,53.032780373160634,14.930829001963916,2,58.245247794353894,1,0
420,Leguna,Z11,Z8,Low,School,Weekly,51.751723635670395,37.558931490079736,20.549096387421724,2,77.02145148899731,1,0
421,Leguna,Z12,Z14,Low,Work,Weekly,56.71329588229218,26.6967468245934,12.053130403344394,1,53.279889601359464,1,0
422,Leguna,Z19,Z17,Low,Work,Daily,39.68242346020043,32.46194886676463,2.1337694451538844,1,43.30519227148483,1,0
423,MRT,Z7,Z8,Mid,Work,Daily,17.857699876064927,87.70421696346645,8.104141246257685,5,72.62121121937075,1,1
424,Bus,Z20,Z15,Low,Work,Daily,15.472436798429193,47.90378525042853,18.50263429298003,2,53.20713190911595,1,0
425,MRT,Z6,Z14,Mid,Work,Daily,18.148014100726407,81.46505565122503,4.206504779135103,4,91.12044193684582,1,0
426,Bus,Z1,Z18,High,School,Daily,18.103403211981348,38.65844357907736,14.060545805101432,2,102.26145633594317,0,1
427,Bus,Z17,Z20,High,Work,Daily,39.03480459578094,28.159694417774404,10.000504689344314,4,94.60697095623064,0,1
428,Leguna,Z11,Z7,Mid,Work,Daily,65.38589505161468,35.51823860477203,15.47590969425883,1,98.51344419005443,1,1
429,Bus,Z18,Z3,Low,Leisure,Weekly,27.35739995167829,44.875602970867185,17.90945546479981,2,85.72570297598818,1,1
430,MRT,Z17,Z12,Mid,Work,Daily,28.847264741991165,61.259071954107085,4.676050873871278,5,96.54472215314846,1,0
431,MRT,Z7,Z3,Mid,Leisure,Daily,17.239005916962853,74.03663351762418,11.712961272535996,5,82.14339830519192,1,0
432,Leguna,Z17,Z20,Low,Leisure,Occasional,67.59535272081791,22.775046157510097,17.302494897670616,1,33.82230887953104,1,1
433,Bus,Z20,Z14,Low,School,Occasional,59.68334337835169,26.282568707364945,20.043904278671867,3,54.364470952061644,0,0
434,MRT,Z9,Z15,High,School,Weekly,31.62583752147698,72.68915875564842,9.60094398610666,5,104.78974022189833,0,1
435,MRT,Z17,Z14,Low,Leisure,Occasional,20.802700743465575,87.40482271464727,11.888189185344189,4,46.627204163077224,1,0
436,Leguna,Z20,Z7,Low,Work,Daily,37.85686366395097,16.120377303710008,29.176491022723443,1,36.06811877821312,1,0
437,MRT,Z8,Z17,Low,Work,Occasional,13.833686382460119,88.87023862637601,5.828029004772173,4,59.00319448616416,1,0
438,Leguna,Z17,Z12,Low,Work,Daily,56.09219297645952,20.71062266700808,17.887697904044792,2,64.36898082823527,1,0
439,Leguna,Z7,Z20,High,Leisure,Daily,59.85910029038891,23.27512337145582,17.025136941770675,2,129.23497117541655,1,1
440,MRT,Z1,Z4,Mid,Work,Daily,19.172307026557256,89.940887397789,5.578580051061992,5,121.36452083011648,1,1
441,MRT,Z13,Z9,Mid,School,Daily,26.11909786271302,94.94177322366693,3.829334224539612,4,77.96010566728135,1,1
442,Leguna,Z19,Z6,Low,Leisure,Daily,63.15522878587539,23.03006302441026,24.765618001404118,1,37.363510548105104,1,1
443,Bus,Z19,Z16,Low,Leisure,Weekly,33.909428888114455,51.91899334413573,16.750079143348227,2,41.00266965020226,1,1
444,Bus,Z17,Z2,Low,School,Weekly,48.645070830815996,37.596717625669854,3.650661666631347,3,26.618195074642376,1,1
445,Leguna,Z13,Z8,Low,Work,Daily,66.03400017803472,26.404289836628784,5.249651332154034,2,35.51326050704061,1,0
446,Leguna,Z16,Z11,Low,Leisure,Daily,42.19364303960256,20.39294630033343,1.0,1,41.92139490055064,1,0
447,Leguna,Z8,Z13,Mid,School,Weekly,62.86097539757905,31.796895908129706,25.542860673899494,1,71.75041976224126,1,1
448,Leguna,Z19,Z17,Low,Work,Weekly,71.6514263761761,34.209035247665526,18.247745485180175,1,38.919537525056555,1,1
449,Bus,Z18,Z8,Mid,Work,Daily,65.90181791286648,47.10549102297785,14.14670411400867,3,85.4484279330722,0,1
450,MRT,Z1,Z18,Low,Leisure,Weekly,28.037117187087723,78.13359015340372,6.29291791317442,5,56.261976347319425,0,0
451,Leguna,Z14,Z18,Low,School,Daily,92.29557581419704,22.423774764063534,30.603456872760628,1,66.38160175973638,1,0
452,Bus,Z19,Z14,Low,Leisure,Daily,23.897774857536927,42.97083451490835,20.10613439863114,3,41.78142043689597,0,1
453,Bus,Z15,Z15,High,Leisure,Occasional,60.14207682893953,31.550585614065035,4.504920197707994,4,79.9241278749416,0,1
454,Leguna,Z18,Z6,High,School,Daily,58.163104713300896,17.926732160449856,1.0,2,141.72409677943492,1,1
455,MRT,Z2,Z11,High,School,Daily,39.844026518354106,83.36352116802938,6.960720481979301,4,107.70596268619401,1,0
456,Bus,Z17,Z13,Low,Work,Weekly,20.826489613457582,47.52682315286057,6.0626729913078075,4,61.75038065786047,1,0
457,MRT,Z18,Z1,Low,Work,Weekly,15.565047026939062,82.58381579616557,10.01459351518716,5,38.36187765250274,1,0
458,Bus,Z6,Z6,Mid,Work,Daily,67.92047039081748,21.39552000075693,16.321218073671133,3,81.57928091336169,1,1
459,MRT,Z19,Z9,Low,Leisure,Daily,22.20448538226435,68.41146876865639,9.137459356178372,5,74.28181459491302,1,0
460,MRT,Z4,Z8,High,School,Daily,34.8417774052063,97.46875206802922,7.738231960451163,5,132.4747988836603,1,1
461,MRT,Z1,Z11,Low,Leisure,Weekly,29.301039223599037,86.42279371715864,7.160020094376561,4,73.60601324832659,1,0
462,Bus,Z8,Z19,Low,Work,Daily,25.814538956703206,43.14479472483405,21.19050353980818,3,56.85032016095599,1,1
463,Leguna,Z7,Z9,Low,School,Daily,48.38703394892098,20.108918020890975,19.256446347091295,1,51.193603024132486,1,1
464,Bus,Z3,Z17,Low,School,Occasional,41.407471169673755,44.105320144092516,16.401425394918903,3,61.38236624245414,0,0
465,Leguna,Z10,Z12,Mid,School,Daily,60.986166630404455,31.150717407751173,15.134187940441926,1,97.15797650582687,1,1
466,Bus,Z10,Z14,Low,Leisure,Daily,50.44673441616785,64.84969953586653,18.263078598097785,3,58.3035429660169,0,0
467,Bus,Z19,Z15,Low,Work,Daily,39.04207025781019,28.977302595441444,13.73780806901776,4,38.615439516449825,1,0
468,Leguna,Z14,Z16,Low,School,Weekly,61.73395398828793,25.615865131257234,20.992581805755947,1,35.31888745535351,1,0
469,MRT,Z2,Z20,Low,Work,Daily,29.54482564102917,64.25516751635088,12.087688558137355,5,37.92357228454237,1,0
470,Leguna,Z1,Z1,Mid,Work,Daily,92.81229126976575,8.536265972825959,22.849733678515697,1,83.76951522036205,1,1
471,MRT,Z18,Z10,High,Work,Weekly,29.425193251033672,71.77699552749841,13.77033738447486,5,74.69876364044244,1,1
472,Leguna,Z7,Z8,High,School,Daily,44.507700599628365,28.54818990769932,6.382970347692895,1,113.38385312530387,0,1
473,MRT,Z8,Z18,Mid,Leisure,Daily,8.479335629949436,80.42686371774738,1.7665645404314096,5,101.68396488087086,1,1
474,Leguna,Z1,Z1,Low,School,Daily,53.594043909267164,25.234011837615004,17.837785911918683,2,53.15454560332993,1,0
475,Bus,Z3,Z2,Mid,Leisure,Daily,32.04759592552599,39.68796511060916,12.090084360222233,3,89.51176871857164,0,0
476,Leguna,Z8,Z1,Low,School,Daily,69.45260691686812,24.200241761464774,7.234905912882535,1,23.796564629816675,0,0
477,MRT,Z15,Z1,Low,School,Daily,21.093809260387644,89.49990239106857,8.067892558030607,5,53.84255908541417,1,0
478,Bus,Z5,Z9,High,Work,Daily,23.9165541921557,41.18211991401937,8.629047198308866,2,155.79933017781377,0,0
479,Leguna,Z3,Z13,Low,Work,Daily,58.41865316270887,20.36700712291403,16.153329683904165,1,42.31198834030175,1,1
480,Bus,Z19,Z1,High,Work,Weekly,55.44251995738934,39.38898086248634,9.239709991112992,3,95.95417229686376,1,1
481,Bus,Z1,Z13,Low,Work,Occasional,17.222359026380122,47.83589664798607,8.606784693529484,3,44.79220257331606,0,1
482,Bus,Z15,Z20,Mid,Work,Weekly,40.226437083860695,42.17416575686713,10.366882554572163,4,95.41604439975943,1,0
483,Bus,Z8,Z7,Mid,Work,Weekly,68.97807168144512,48.021284586181196,16.311117559434884,3,45.96195539963329,1,1
484,Bus,Z2,Z2,High,Work,Daily,23.756594163110318,56.20975966249388,11.434598320568824,3,103.15986010673382,1,0
485,Bus,Z3,Z6,Mid,Leisure,Occasional,52.754197736225564,37.784867370478764,11.888498581409735,4,74.50395390494624,1,0
486,Leguna,Z14,Z7,Mid,Work,Daily,46.22228914849189,32.41493508601567,37.63383175436512,1,35.97513053098163,1,1
487,MRT,Z14,Z14,Low,Work,Occasional,32.45947896763734,73.77349566554946,10.10210183636175,4,52.51355158701485,1,0
488,Bus,Z11,Z18,Mid,Work,Occasional,87.2198166670883,53.700436611709904,3.8356108075481377,2,103.24519195011334,0,0
489,Leguna,Z16,Z15,Low,School,Weekly,69.20543249964608,26.558738722161106,11.842437442329146,1,22.894379076022755,1,0
490,Leguna,Z4,Z2,Mid,Work,Occasional,64.12723542650902,20.99003089413217,31.41274384259573,2,74.50309398660416,0,1
491,Bus,Z20,Z10,Mid,Work,Daily,56.24850359135566,42.792678382165256,7.24544635156384,3,76.19518311173569,1,1
492,Bus,Z5,Z12,Mid,School,Daily,49.77781507198311,47.63697715848047,17.63687005222778,3,50.05106662788503,1,1
493,Bus,Z14,Z17,Low,Work,Daily,53.580094174507096,32.95271564389116,4.312076017754123,3,31.36630199676156,1,0
494,MRT,Z16,Z8,Low,Work,Daily,23.84076336734855,78.60525812615748,7.262363732748698,5,33.11619328952047,0,1
495,Bus,Z18,Z11,Mid,Work,Daily,39.17479592548263,36.94380888931687,15.168305123870294,3,58.0755935026287,0,1
496,Bus,Z7,Z3,Low,Work,Weekly,34.527004880834255,36.362968838994846,12.248355281501322,2,48.98192927450777,1,1
497,Bus,Z10,Z6,Low,Work,Occasional,64.66751246703936,37.756810291218954,16.297924361717783,3,88.57992976242454,1,1
498,MRT,Z7,Z9,Low,Work,Daily,25.638411872469863,77.3027505292994,8.485345737803774,5,16.258513186988544,1,1
499,Leguna,Z1,Z6,High,Leisure,Weekly,38.027591496443755,36.364034298168505,19.09215483294287,1,102.4075455333368,1,1
500,Leguna,Z19,Z9,Mid,School,Occasional,64.43116947248421,33.14149130189087,26.16200358376853,2,67.60455743492244,1,0
